islam,25
no bake cookies,2515
jennifer lawrence,205
feather tattoo,765
window treatments,337
christmas ideas,8533
upcycle,26
easter crafts,1330
puppies,105
rose tattoo,1368
buffalo chicken dip,736
thanksgiving decorations,355
agape,3
kids,1739
frozen,152
organize,61
backyard ideas,7116
appetizers,85
long bob,1257
adult halloween costumes,965
sister tattoos,743
living room decor on a budget,35963
yoga pants,557
ab workout,2440
dance,405
exercise,123
red hair,4194
german shepherd,162
architecture,621
asparagus,41
felt,212
tattoo ideas,7537
ugly christmas sweater,2087
life quotes,4490
medium hair cuts for women,22325
arrow tattoo,688
camping,112
golden retriever,319
home decor,6971
wedding dresses,5640
eye makeup,1325
pumpkin,234
travel quotes,3227
sisters,100
laundry room,1757
dinner recipes,2340
music quotes,3446
vegetable garden,1598
kids crafts,2662
diy,1774
high waisted shorts,1375
minions,30
italian,285
st patricks day,3666
once upon a time,24131
leg workout,333
design,4160
teacher appreciation,225
scarf,335
office decor,2071
accessories,1456
coconut oil,623
dark brown hair,3437
yoga workout,445
no heat curls,2185
toms,33
someecards,4
fall fashion,6442
nail art,7239
mud room,1725
fitness motivation,812
by the sea,78564
necklace,1256
ceramics,88
bye felicia,27
outdoor living,1718
felt crafts,1195
potato recipes,2162
workout motivation,456
winter,1011
bob hairstyles,438
woodworking,36
maxi skirt,762
attic bedroom,712
gardening,254
salad,344
room ideas,8469
rihanna,49
easy desserts,1255
yoga,231
nose piercing,81
closet organization,574
xmas,107
paleo,119
agriculture,12
thanksgiving crafts,1133
clothes,1078
ashley olsen,129
hair styles for long hair,21978
pumpkin carving,263
rain,167
organization tips,1092
lasagna,31
side dishes,739
party food,4392
art deco,7049
work outfit,2000
butternut squash,76
evening gowns,399
usher,8
jeans,356
valentines day,3123
summer,1908
dresses,1381
relationships,71
elf on the shelf ideas,44932
kitchen,1451
home office,6382
vegan recipes,2242
halloween costumes,831
lego,126
relationship quotes,2081
advent calendar,140
easter ideas,7302
scarf tying,349
daily odd compliment,677
usa,391
god quotes,2344
short hair styles for women,22736
white dress,6357
bedroom,677
vegetarian recipes,2107
centerpieces,83
dogs,500
beach,1093
leggings,131
gel nails,1011
engagement pictures,1848
bedroom decor,2246
home decorating,6366
tea,536
peanut butter cookies,731
asos,98
us navy,2175
thanksgiving desserts,423
wedding hair,6663
minecraft,35
sangria,16
spaghetti squash,135
tie dye,315
healthy food,3106
friendship quotes,2114
yellow,830
date ideas,7663
alcohol,52
grumpy cat,1041
baby shower,2526
crockpot chicken,606
crockpot recipes,2083
crochet patterns,1300
playroom,35
isabel marant,63
office,457
wedding rings,4959
easter,350
starbucks,50
fire pit,384
fireplace,138
doctor who,1330
inspirational quotes,2222
medium hair styles for women,22558
alcoholic drinks,241
sewing projects,3496
travel,1239
at home workouts for women,29624
pregnancy announcement,117
nail designs,1762
summer fashion,7094
friends,703
dorm room ideas for girls,24953
watercolor tattoo,809
vegan,253
healthy meals,744
long hair cuts with layers,14147
fishtail braid,88
cookies,419
costumes,203
adventure time,1903
soccer,96
waterfall braid,135
vintage wedding dress,10217
valentines ideas,7204
healthy recipes,2577
atkins diet recipes phase 1,71295
mothers day,3097
rings,427
horses,180
steampunk,167
breakfast casserole,369
kitchen decor,3011
ombre hair,2238
side bangs,659
graduation party,1948
one piece bathing suit women,5701
desserts,279
norway,58
yoga poses,289
fashion,5445
toddler activities,440
breakfast,304
tilapia,12
rainbow cake,1839
food recipes,4316
taylor swift,247
otterbox,3
interior design,4582
office ideas,7413
zucchini recipes,2095
leggings outfit,636
true love,9777
rain boots,667
salmon,87
tiger,138
thanksgiving,144
fall,1292
toe nails,1095
yorkie,19
ottoman diy,1837
white ink tattoo,4059
cake pops,1575
office design,4576
abstract painting,875
casual outfits,666
x rated,2155
anniversary gift ideas for him,23848
fitness,621
hipster fashion,5503
love,8802
detox,23
potatoes,97
dorm decor,1673
zara,110
abs,75
workout,223
rib tattoo,656
animals,1011
french toast,618
ikea,90
rainbow loom,344
zucchini bread,320
braids,51
plus size,1642
quotes about change,4061
tom hiddleston,219
highlights,81
everything,580
style,5983
israel,56
foot tattoos,746
dessert recipes,2259
ab challenge,2469
teeth whitening,39
boots,512
scrapbooking,193
new years eve party ideas,13444
tattoo quotes,2623
rainbow,321
minion costume,362
food,2569
unique engagement rings,1270
hipster,67
i love you,24856
once upon a time abc,24166
advocare,6
tattoos for women,20682
miley cyrus,49
business casual,874
plants,256
disney,581
italy,324
scarves,92
exterior paint colors for house,21911
prom,334
alaska,70
gossip girl,1535
spring outfits,1884
abstract art,7005
mothers day crafts,4064
living room,2438
apple pie,602
cake,1530
summer outfits,2264
romance,171
rice,181
wall decor,2707
tiffany,115
cellulite,10
pork chops,129
paleo recipes,2140
enchiladas,13
gender reveal party,1997
winter wedding,5569
mothers day gifts,3733
nelson mandela,56
lace wedding dress,7983
anchor tattoo,720
white kitchen,4581
centerpiece wedding,4655
im sorry,285
one direction,3534
room decor,3165
short hair,2764
christmas,1709
arm workout,340
apartment decorating,685
exercise routines,131
vintage wedding,7553
bob haircut,170
fruit salad,607
up,3060
adam levine,95
makeup,835
istanbul,59
organizing,64
diy crafts,2586
updo hairstyles,341
tilapia recipes,2060
bye,22
tree tattoo,1289
soup,236
beauty,1965
office organization,582
updos,23
plus size fashion for women,26013
bedroom ideas,7561
newborn photography,3538
dorm room,1708
nail art for short nails,26774
short hair styles for women 2013,87390
recipes,2051
attic,36
winter fashion,6301
imagine dragons,149
jokes,55
wedding ideas,10933
acne treatment,133
ashley benson,127
engagement rings,733
lauren conrad,185
fourth of july,18599
prom dresses,1562
engagement photos,6292
victoria secret,468
salmon recipes,2119
love quotes,10548
outdoor wedding,5140
quinoa,60
alice in wonderland,17984
motivation,256
fence,46
tattoos,607
pedicure,12
hippie,87
vintage,3145
bridal shower,1095
sock bun,135
one tree hill,4329
graduation gifts,786
peonies,26
everyday makeup,1086
gender reveal ideas,7107
healthy,659
decorating ideas for the home,49134
womens fashion,6079
life hacks,2652
usa travel,1622
home,6037
new york,4709
ot,28
good morning,1930
healthy snacks,752
makeup tutorial,1266
nordstrom,87
rustic wedding,4855
landscaping,89
kitchen ideas,8305
updos for medium length hair,21437
bucket list,1189
funny,1591
sewing,461
jewelry,2058
im sorry quotes,2281
vintage decor,4700
teen bedroom,830
meatloaf,12
fonts,83
pork tenderloin,121
salad recipes,2295
amor,96
maxi dress,3435
ground beef recipes for dinner,21153
wedding,4608
soup recipes,2227
uses for coconut oil,19573
stuffed peppers,196
graduation,86
lingerie,226
acne remedies,106
vegetarian,85
inspiration,2519
im sorry i hurt you,20139
bridesmaid dresses,1541
christmas decorations,1881
infinity scarf,404
halloween,695
sister quotes,2137
rings engagement,733
summer dresses,3253
italian food,2819
long hair,3200
dark hair,2753
byron bay,258
teacher gifts,889
quilts,230
tree house,2836
outdoor kitchen,2006
thanksgiving recipes,2177
red,2084
purple hair,2872
against all grain,6459
peinados,22
organization diy,1890
celebrities,246
coffee,598
italian recipes,2308
senior picture ideas for girls,24723
atkins,5
alfredo sauce,253
school,882
country wedding,5884
music tattoo,2074
uï¿½as,3861
spring,1523
everything pinterest,8670
under armour,439
outfits,378
spring fashion,6654
pumpkin recipes,2259
art,6889
clean eating,478
appetizers easy,1061
music,1453
fall outfits,1652
mens fashion,5802
asparagus recipes,2078
nails,931
valentines crafts,1229
crochet,823
nail art designs,8301
roses,286
imagination,64
xmas crafts,1100
motivational quotes,2044
baby,2274
quinoa recipes,2094
bycicle,2
apple crisp,398
summer nails,2816
selena gomez,75
organization,130
otter,15
xmas decorations,320
quotes,2003
bathroom ideas,7403
peach cobbler,150
toddler crafts,1227
fall decor,2897
wallpaper,456
god,361
amsterdam,83
pasta,155
engagement photography,3719
american flag,797
girls bedroom,1902
cleaning,147
diy gifts,2449
zac efron,39
master bedroom,867
white,3201
gender reveal,128
pregnancy,70
chicken recipes,2469
short hair styles,3093
michael kors,422
anthropologie,54
agent provocateur,46
wall art,7867
boudoir,81
pasta salad,484
american eagle,753
italian chicken,857
crafts,994
spring nails,2439
valentines day gifts for him,22078
isagenix,0
shoes,1825
outfit ideas,7446
white tattoo,3824
evening dresses,1595
x,2130
unique tattoos,1164
underwear,73
garden,1509
potato soup,372
gift ideas,7860
exercise motivation,373
jello shots,250
leather jacket,1437
infinity tattoo,745
mens style,6365
unicorn,54
christmas crafts,2646
acrylic nails,1113
plus size fashion,6987
sexy,715
funny quotes,3495
america,292
acne,33
muffins,110
hair styles,2506
cake recipes,3470
winter outfits,1376
ottoman,66
easy dinner,1312
burlap wreath,309
prom hair,2490
extensions,40
bathroom,498
agenda,23
boyfriend gifts,789
hair,2174
feathers,84
closet,449
gluten free,2201
zucchini,67
anime,282
