islam,178040
no bake cookies,184412
jennifer lawrence,184410
feather tattoo,184412
window treatments,184410
christmas ideas,184410
upcycle,184410
easter crafts,184410
puppies,184410
rose tattoo,179988
buffalo chicken dip,184412
thanksgiving decorations,155246
agape,184410
kids,184410
frozen,184410
organize,155813
backyard ideas,180499
appetizers,163584
long bob,184410
adult halloween costumes,181549
sister tattoos,184410
living room decor on a budget,177686
yoga pants,184410
ab workout,183438
dance,184410
exercise,184410
red hair,184410
german shepherd,184410
architecture,184410
asparagus,184412
felt,184410
tattoo ideas,179798
ugly christmas sweater,184409
life quotes,184410
medium hair cuts for women,184412
arrow tattoo,184410
camping,184412
golden retriever,183135
home decor,184410
wedding dresses,184412
eye makeup,184410
pumpkin,184410
travel quotes,184410
sisters,184410
laundry room,184410
dinner recipes,184407
music quotes,184410
vegetable garden,184410
kids crafts,184410
diy,184410
high waisted shorts,184410
minions,163649
italian,184410
st patricks day,184410
once upon a time,184412
leg workout,184410
design,184410
teacher appreciation,183498
scarf,184410
office decor,184410
accessories,184410
coconut oil,184410
dark brown hair,183582
yoga workout,184410
no heat curls,184412
toms,184410
someecards,19835
fall fashion,184410
nail art,183284
mud room,184410
fitness motivation,184410
by the sea,184412
necklace,184410
ceramics,184410
bye felicia,184410
outdoor living,184410
felt crafts,184410
potato recipes,184410
workout motivation,183577
winter,183625
bob hairstyles,184410
woodworking,184410
maxi skirt,184410
attic bedroom,184410
gardening,184412
salad,176997
room ideas,184410
rihanna,184412
easy desserts,184410
yoga,184410
nose piercing,184410
closet organization,184410
xmas,184410
paleo,143260
agriculture,184410
thanksgiving crafts,155246
clothes,184412
ashley olsen,184410
hair styles for long hair,184412
pumpkin carving,184410
rain,184410
organization tips,184412
lasagna,184410
side dishes,184412
party food,184409
art deco,184410
work outfit,184410
butternut squash,184410
evening gowns,183114
usher,184410
jeans,184410
valentines day,184410
summer,184410
dresses,184410
relationships,184410
elf on the shelf ideas,184410
kitchen,184410
home office,184410
vegan recipes,184410
halloween costumes,184410
lego,184410
relationship quotes,184410
advent calendar,184412
easter ideas,184410
scarf tying,184410
daily odd compliment,184410
usa,184410
god quotes,184412
short hair styles for women,184409
white dress,183410
bedroom,184410
vegetarian recipes,179459
centerpieces,184410
dogs,184410
beach,181672
leggings,184412
gel nails,184410
engagement pictures,176268
bedroom decor,184410
home decorating,184410
tea,184410
peanut butter cookies,184410
asos,101390
us navy,184412
thanksgiving desserts,155246
wedding hair,184412
minecraft,184412
sangria,184410
spaghetti squash,178530
tie dye,184410
healthy food,184410
friendship quotes,184412
yellow,179672
date ideas,184410
alcohol,184410
grumpy cat,184410
baby shower,184412
crockpot chicken,117214
crockpot recipes,117214
crochet patterns,184410
playroom,184411
isabel marant,183961
office,184410
wedding rings,184412
easter,184410
starbucks,184410
fire pit,184410
fireplace,184410
doctor who,184410
inspirational quotes,184410
medium hair styles for women,184412
alcoholic drinks,184412
sewing projects,184410
travel,184410
at home workouts for women,184410
pregnancy announcement,184412
nail designs,183284
summer fashion,184410
friends,184410
dorm room ideas for girls,184410
watercolor tattoo,163431
vegan,184410
healthy meals,184410
long hair cuts with layers,184410
fishtail braid,184412
cookies,184410
costumes,175566
adventure time,184412
soccer,184410
waterfall braid,180255
vintage wedding dress,184412
valentines ideas,184410
healthy recipes,184410
atkins diet recipes phase 1,103856
mothers day,184410
rings,180498
horses,182173
steampunk,184412
breakfast casserole,111663
kitchen decor,184410
ombre hair,184410
side bangs,184412
graduation party,184410
one piece bathing suit women,184410
desserts,184410
norway,184412
yoga poses,184410
fashion,184410
toddler activities,164418
breakfast,111663
tilapia,184410
rainbow cake,184410
food recipes,162066
taylor swift,184410
otterbox,58600
interior design,183086
office ideas,184410
zucchini recipes,184410
leggings outfit,184412
true love,184410
rain boots,184410
salmon,184410
tiger,184410
thanksgiving,155246
fall,184410
toe nails,184410
yorkie,184410
ottoman diy,184410
white ink tattoo,183410
cake pops,184410
office design,184410
abstract painting,181809
casual outfits,184412
anniversary gift ideas for him,184410
fitness,184410
hipster fashion,184410
love,184410
detox,184410
potatoes,184410
dorm decor,184410
zara,184408
abs,184410
workout,183577
rib tattoo,184410
animals,179271
french toast,184410
ikea,184410
rainbow loom,184410
zucchini bread,184410
braids,184412
plus size,184410
quotes about change,184410
tom hiddleston,184410
highlights,184402
everything,178009
style,184410
israel,184410
foot tattoos,184410
dessert recipes,184410
ab challenge,183438
teeth whitening,184410
boots,184410
scrapbooking,184410
new years eve party ideas,184410
tattoo quotes,179798
rainbow,184410
minion costume,184410
food,162066
unique engagement rings,184412
hipster,184410
i love you,184410
once upon a time abc,184412
advocare,184410
tattoos for women,178959
miley cyrus,184410
business casual,184410
plants,184410
disney,150672
italy,184410
scarves,184410
exterior paint colors for house,159754
prom,180589
alaska,184410
gossip girl,184410
spring outfits,184410
abstract art,181809
mothers day crafts,184410
living room,177686
apple pie,184410
cake,184410
summer outfits,184410
romance,184412
rice,184410
wall decor,184410
tiffany,184412
cellulite,184410
pork chops,184410
paleo recipes,143260
enchiladas,184410
gender reveal party,184412
winter wedding,183625
mothers day gifts,184410
nelson mandela,184410
lace wedding dress,182215
anchor tattoo,184410
white kitchen,183410
centerpiece wedding,184412
im sorry,178571
one direction,184410
room decor,184410
short hair,184409
christmas,184410
arm workout,180053
apartment decorating,181440
exercise routines,184410
vintage wedding,184412
bob haircut,184410
fruit salad,184410
up,184412
adam levine,184410
makeup,184412
istanbul,184410
organizing,184410
diy crafts,184410
updo hairstyles,184410
tilapia recipes,184410
bye,184410
tree tattoo,184410
soup,184410
beauty,184410
office organization,184410
updos,184410
plus size fashion for women,184410
bedroom ideas,184410
newborn photography,158623
dorm room,184410
nail art for short nails,183284
short hair styles for women 2013,184409
recipes,166465
attic,184410
winter fashion,183625
imagine dragons,184410
jokes,167818
wedding ideas,184412
acne treatment,184410
ashley benson,184410
engagement rings,176268
lauren conrad,184409
fourth of july,184410
prom dresses,180589
engagement photos,176268
victoria secret,184410
salmon recipes,184410
love quotes,184410
outdoor wedding,184410
quinoa,103373
alice in wonderland,184410
motivation,184410
fence,155061
tattoos,178959
pedicure,184410
hippie,184410
vintage,184412
bridal shower,184412
sock bun,184410
one tree hill,184410
graduation gifts,184410
peonies,184410
everyday makeup,184410
gender reveal ideas,184412
healthy,184410
decorating ideas for the home,184410
womens fashion,184410
life hacks,184410
usa travel,184410
home,184410
new york,184410
ot,184410
good morning,184410
healthy snacks,184410
makeup tutorial,184412
nordstrom,184412
rustic wedding,184410
landscaping,184410
kitchen ideas,184410
updos for medium length hair,184410
bucket list,184410
funny,184410
sewing,184410
jewelry,184410
im sorry quotes,178571
vintage decor,184412
teen bedroom,184410
meatloaf,172670
fonts,184410
pork tenderloin,184410
salad recipes,176997
amor,184410
maxi dress,184410
ground beef recipes for dinner,184410
wedding,184412
soup recipes,184410
uses for coconut oil,184410
stuffed peppers,184410
graduation,184410
lingerie,184410
acne remedies,184410
vegetarian,179459
inspiration,184409
im sorry i hurt you,178571
bridesmaid dresses,184412
christmas decorations,184410
infinity scarf,184410
halloween,184410
sister quotes,184410
rings engagement,180498
summer dresses,184410
italian food,184410
long hair,184410
dark hair,183582
byron bay,184100
teacher gifts,183498
quilts,184410
tree house,184410
outdoor kitchen,184410
thanksgiving recipes,155246
red,184410
purple hair,184412
against all grain,184410
peinados,184113
organization diy,184412
celebrities,184410
coffee,184410
italian recipes,184410
senior picture ideas for girls,184410
atkins,103856
alfredo sauce,184410
school,184410
country wedding,184410
music tattoo,184410
uï¿½as,184410
spring,184410
everything pinterest,178009
under armour,184410
outfits,184412
spring fashion,184410
pumpkin recipes,184410
art,184410
clean eating,184410
appetizers easy,163584
music,184410
fall outfits,184410
mens fashion,184410
asparagus recipes,184412
nails,184410
valentines crafts,184410
crochet,184410
nail art designs,183284
roses,182247
imagination,184410
xmas crafts,184410
motivational quotes,180165
baby,184412
quinoa recipes,103373
bycicle,139440
apple crisp,184410
summer nails,184410
selena gomez,184410
organization,184412
otter,184410
xmas decorations,184410
quotes,184410
bathroom ideas,184409
peach cobbler,184410
toddler crafts,164418
fall decor,184410
wallpaper,184410
god,184412
amsterdam,184410
pasta,184410
engagement photography,176268
american flag,184410
girls bedroom,184098
cleaning,184412
diy gifts,184410
zac efron,184409
master bedroom,184410
white,183410
gender reveal,184412
pregnancy,184412
chicken recipes,184410
short hair styles,184409
michael kors,184410
anthropologie,184410
agent provocateur,184410
wall art,184410
boudoir,184412
pasta salad,184410
american eagle,184410
italian chicken,184410
crafts,184410
spring nails,184410
valentines day gifts for him,184410
isagenix,0
shoes,184410
outfit ideas,184410
white tattoo,183410
evening dresses,183114
unique tattoos,184412
underwear,184410
garden,184412
potato soup,184410
gift ideas,184410
exercise motivation,184410
jello shots,184410
leather jacket,184409
infinity tattoo,184410
mens style,184410
unicorn,184410
christmas crafts,184410
acrylic nails,180244
plus size fashion,184410
sexy,184412
funny quotes,184410
america,184410
acne,184410
muffins,114825
hair styles,184412
cake recipes,184410
winter outfits,183625
ottoman,184410
easy dinner,184410
burlap wreath,182435
prom hair,180589
extensions,184410
bathroom,184409
agenda,184410
boyfriend gifts,184410
hair,184412
feathers,184412
closet,184410
gluten free,184410
zucchini,184410
anime,184410
